<?xml version="1.0" encoding="UTF-8"?>
<project-private xmlns="http://www.netbeans.org/ns/project-private/1">
    <editor-bookmarks xmlns="http://www.netbeans.org/ns/editor-bookmarks/2" lastBookmarkId="0"/>
    <open-files xmlns="http://www.netbeans.org/ns/projectui-open-files/2">
        <group>
            <file>file:/Users/MacBook%20Air/NetBeansProjects/Mo-LineProject/src/controller/cMenu.java</file>
            <file>file:/Users/MacBook%20Air/NetBeansProjects/Mo-LineProject/src/view/vForget.java</file>
            <file>file:/Users/MacBook%20Air/NetBeansProjects/Mo-LineProject/src/controller/Driver.java</file>
            <file>file:/Users/MacBook%20Air/NetBeansProjects/Mo-LineProject/src/view/vLogin.java</file>
            <file>file:/Users/MacBook%20Air/NetBeansProjects/Mo-LineProject/src/model/Database.java</file>
            <file>file:/Users/MacBook%20Air/NetBeansProjects/Mo-LineProject/src/view/vRating.java</file>
            <file>file:/Users/MacBook%20Air/NetBeansProjects/Mo-LineProject/src/controller/cOTW.java</file>
            <file>file:/Users/MacBook%20Air/NetBeansProjects/Mo-LineProject/src/controller/cForget.java</file>
            <file>file:/Users/MacBook%20Air/NetBeansProjects/Mo-LineProject/src/model/mCustomer.java</file>
            <file>file:/Users/MacBook%20Air/NetBeansProjects/Mo-LineProject/src/view/vMenu.java</file>
            <file>file:/Users/MacBook%20Air/NetBeansProjects/Mo-LineProject/src/view/vPesan.java</file>
            <file>file:/Users/MacBook%20Air/NetBeansProjects/Mo-LineProject/src/controller/cLogin.java</file>
            <file>file:/Users/MacBook%20Air/NetBeansProjects/Mo-LineProject/src/controller/cPesan.java</file>
            <file>file:/Users/MacBook%20Air/NetBeansProjects/Mo-LineProject/src/controller/cRegistrasi.java</file>
            <file>file:/Users/MacBook%20Air/NetBeansProjects/Mo-LineProject/src/model/mSign_Up.java</file>
            <file>file:/Users/MacBook%20Air/NetBeansProjects/Mo-LineProject/src/controller/cRating.java</file>
            <file>file:/Users/MacBook%20Air/NetBeansProjects/Mo-LineProject/src/view/vRegistrasi.java</file>
            <file>file:/Users/MacBook%20Air/NetBeansProjects/Mo-LineProject/src/model/mLogin.java</file>
            <file>file:/Users/MacBook%20Air/NetBeansProjects/Mo-LineProject/src/view/vPilih.java</file>
            <file>file:/Users/MacBook%20Air/NetBeansProjects/Mo-LineProject/src/view/vOTW.java</file>
            <file>file:/Users/MacBook%20Air/NetBeansProjects/Mo-LineProject/src/controller/cPilih.java</file>
        </group>
    </open-files>
</project-private>
